{"cameraMode":{"drawMode":0,"name":"Shaded","section":"Shading Mode"},"sceneLighting":false,"audioPlay":false,"sceneViewState":{"showFog":false,"showMaterialUpdate":false,"showSkybox":true,"showFlares":true,"showImageEffects":true,"showParticleSystems":true},"in2DMode":false,"pivot":{"x":37.54713439941406,"y":0.8369773626327515,"z":28.71868133544922},"rotation":{"x":0.010238260962069035,"y":-0.9891431331634522,"z":-0.11987459659576416,"w":-0.08448255062103272},"size":0.4578937292098999,"orthographic":false}