{"cameraMode":{"drawMode":0,"name":"Shaded","section":"Shading Mode"},"sceneLighting":false,"audioPlay":false,"sceneViewState":{"showFog":false,"showMaterialUpdate":false,"showSkybox":true,"showFlares":true,"showImageEffects":true,"showParticleSystems":true},"in2DMode":false,"pivot":{"x":38.452632904052737,"y":3.7044801712036135,"z":29.362573623657228},"rotation":{"x":0.25126075744628909,"y":0.03262962028384209,"z":-0.0077174026519060139,"w":0.9673844575881958},"size":0.35587078332901,"orthographic":false}