{"cameraMode":{"drawMode":0,"name":"Shaded","section":"Shading Mode"},"sceneLighting":true,"audioPlay":false,"sceneViewState":{"showFog":false,"showMaterialUpdate":false,"showSkybox":false,"showFlares":true,"showImageEffects":true,"showParticleSystems":true},"in2DMode":false,"pivot":{"x":37.45387268066406,"y":0.6154139041900635,"z":27.94255256652832},"rotation":{"x":0.06493867188692093,"y":-0.9273985028266907,"z":0.19127638638019563,"w":0.3148588240146637},"size":1.5572012662887574,"orthographic":false}