{"cameraMode":{"drawMode":0,"name":"Shaded","section":"Shading Mode"},"sceneLighting":false,"audioPlay":false,"sceneViewState":{"showFog":false,"showMaterialUpdate":false,"showSkybox":false,"showFlares":true,"showImageEffects":true,"showParticleSystems":true},"in2DMode":false,"pivot":{"x":218.01016235351563,"y":405.33984375,"z":-0.861083984375},"rotation":{"x":-0.150333970785141,"y":-0.0009240586077794433,"z":0.00019051588606089354,"w":-0.9886786341667175},"size":2275.838134765625,"orthographic":false}