{"cameraMode":{"drawMode":0,"name":"Shaded","section":"Shading Mode"},"sceneLighting":false,"audioPlay":false,"sceneViewState":{"showFog":false,"showMaterialUpdate":false,"showSkybox":true,"showFlares":true,"showImageEffects":true,"showParticleSystems":true},"in2DMode":false,"pivot":{"x":29.608375549316408,"y":0.8338006138801575,"z":20.189090728759767},"rotation":{"x":-0.003869393141940236,"y":0.9730486273765564,"z":-0.019729886204004289,"w":-0.23002074658870698},"size":5.715777397155762,"orthographic":false}