{"cameraMode":{"drawMode":0,"name":"Shaded","section":"Shading Mode"},"sceneLighting":false,"audioPlay":false,"sceneViewState":{"showFog":false,"showMaterialUpdate":false,"showSkybox":true,"showFlares":true,"showImageEffects":true,"showParticleSystems":true},"in2DMode":false,"pivot":{"x":38.17142868041992,"y":-0.881321907043457,"z":32.529563903808597},"rotation":{"x":-0.36537957191467287,"y":-0.14489860832691194,"z":0.05768752843141556,"w":-0.9177230596542358},"size":10.817118644714356,"orthographic":false}